Name,Address,City,Postcode
Rich Mix Main & Side Walls,5-47 Bethnal Green Road,London,E1 6LA
Rich Mix Domination,5-47 Bethnal Green Road,London,E1 6LA
Rich Mix Street Wall B,Redchurch Street,London,E1 6LA
Fashion Street / Brick Lane Whopper,52-56 Brick Lane,London,E1 6RF
Brixton Road,500 Brixton Road,London,SW9 8EQ
Electric Avenue,Electric Avenue,London,SW9 8JX
Prince of Peckham,1 Clayton Road,London,SE1 6JT
Jamestown Road,267 Camden High Street,London,NW1 0JH
Camden Lock Railway,Camden Lock Railway,London,NW1 8AG
Adore & Endure,Great Eastern St,London,EC2A 3EJ
Great Eastern Gallery,Great Eastern Street,London,EC2A 3NT
Kachette,347 Old Street,London,EC1V 9LP
Village Underground,Hollywell Lane,London,EC2A 3PQ
Dray Walk (Truman Brewery),Dray Walk,London,E1 6QR
Truman Brewery,Brick Lane,London,E1 6QL
Denmark Street,28 Denmark Street,London,WC2H 8NJ
The Hare & Hounds,46 Shudehill,Manchester,M4 4AA
Thomas Street Portrait,7 Thomas Street,Manchester,M4 1EU
Noho Bar Stevenson Square,Northern Quarter,Manchester,M1 1FB
